{
	"textures": {
		"3": "animated_java:item/crucifix/light_beam"
	},
	"display": {
		"head": {
			"rotation": [0, 180, 0]
		}
	},
	"elements": [
		{
			"from": [-3.06053, 12.3591, 10.23338],
			"to": [-3.13259, 7.96397, 5.11774],
			"rotation": {
				"angle": 22.5,
				"axis": "y",
				"origin": [7.71113, 8, 7.3153]
			},
			"faces": {
				"north": {
					"uv": [10.28572, 11.71429, 10.28572, 14.42857],
					"rotation": 180,
					"texture": "#3"
				},
				"east": {
					"uv": [4.28572, 2.85715, 6.28572, 5.57143],
					"rotation": 180,
					"texture": "#3"
				},
				"south": {
					"uv": [10.14286, 11.71429, 10.14286, 14.42857],
					"rotation": 180,
					"texture": "#3"
				},
				"west": {
					"uv": [4.28572, 0, 6.28572, 2.71429],
					"rotation": 180,
					"texture": "#3"
				},
				"up": {
					"uv": [10.57143, 11.71429, 10.57143, 13.71429],
					"rotation": 180,
					"texture": "#3"
				},
				"down": {
					"uv": [10.42857, 13.71429, 10.42857, 11.71429],
					"rotation": 180,
					"texture": "#3"
				}
			}
		},
		{
			"from": [10.91808, 12.3591, -2.38529],
			"to": [5.80244, 7.96397, -2.45734],
			"rotation": {
				"angle": 45,
				"axis": "y",
				"origin": [8, 8, 8.38637]
			},
			"faces": {
				"north": {
					"uv": [2.14286, 0, 4.14286, 2.71429],
					"rotation": 180,
					"texture": "#3"
				},
				"east": {
					"uv": [9.42857, 11.42857, 9.42857, 14.14286],
					"rotation": 180,
					"texture": "#3"
				},
				"south": {
					"uv": [0, 0, 2, 2.71429],
					"rotation": 180,
					"texture": "#3"
				},
				"west": {
					"uv": [9.28572, 11.42857, 9.28572, 14.14286],
					"rotation": 180,
					"texture": "#3"
				},
				"up": {
					"uv": [11.57143, 11.57143, 9.57143, 11.57143],
					"rotation": 180,
					"texture": "#3"
				},
				"down": {
					"uv": [11.57143, 11.42857, 9.57143, 11.42857],
					"rotation": 180,
					"texture": "#3"
				}
			}
		},
		{
			"from": [-3.06053, 12.3591, 11.26864],
			"to": [-3.13259, 7.96397, 6.153],
			"rotation": {
				"angle": -22.5,
				"axis": "y",
				"origin": [7.71113, 8, 9.07107]
			},
			"faces": {
				"north": {
					"uv": [9.71429, 11.71429, 9.71429, 14.42857],
					"rotation": 180,
					"texture": "#3"
				},
				"east": {
					"uv": [2.14286, 2.85715, 4.14286, 5.57143],
					"rotation": 180,
					"texture": "#3"
				},
				"south": {
					"uv": [9.57143, 11.71429, 9.57143, 14.42857],
					"rotation": 180,
					"texture": "#3"
				},
				"west": {
					"uv": [0, 2.85715, 2, 5.57143],
					"rotation": 180,
					"texture": "#3"
				},
				"up": {
					"uv": [10, 11.71429, 10, 13.71429],
					"rotation": 180,
					"texture": "#3"
				},
				"down": {
					"uv": [9.85714, 13.71429, 9.85714, 11.71429],
					"rotation": 180,
					"texture": "#3"
				}
			}
		},
		{
			"from": [-3.06506, 12.3591, 9.49011],
			"to": [-3.13708, 7.96397, 6.89613],
			"rotation": {
				"angle": 0,
				"axis": "y",
				"origin": [7.7066, 8, 8.01306]
			},
			"faces": {
				"north": {
					"uv": [10.85715, 11.71429, 10.85715, 14.42857],
					"rotation": 180,
					"texture": "#3"
				},
				"east": {
					"uv": [5.85715, 11.42857, 6.85715, 14.14286],
					"rotation": 180,
					"texture": "#3"
				},
				"south": {
					"uv": [10.71429, 11.71429, 10.71429, 14.42857],
					"rotation": 180,
					"texture": "#3"
				},
				"west": {
					"uv": [4.71429, 11.42857, 5.71429, 14.14286],
					"rotation": 180,
					"texture": "#3"
				},
				"up": {
					"uv": [11.14286, 11.71429, 11.14286, 12.71429],
					"rotation": 180,
					"texture": "#3"
				},
				"down": {
					"uv": [11, 12.71429, 11, 11.71429],
					"rotation": 180,
					"texture": "#3"
				}
			}
		},
		{
			"from": [9.72531, 12.3591, -2.63632],
			"to": [5.6879, 7.96397, -2.70837],
			"rotation": {
				"angle": 0,
				"axis": "y",
				"origin": [7.88546, 8, 8.13534]
			},
			"faces": {
				"north": {
					"uv": [8.57143, 5.71429, 10.14286, 8.42857],
					"rotation": 180,
					"texture": "#3"
				},
				"east": {
					"uv": [11.42857, 11.71429, 11.42857, 14.42857],
					"rotation": 180,
					"texture": "#3"
				},
				"south": {
					"uv": [4.28572, 8.57143, 5.85715, 11.28572],
					"rotation": 180,
					"texture": "#3"
				},
				"west": {
					"uv": [11.28572, 11.71429, 11.28572, 14.42857],
					"rotation": 180,
					"texture": "#3"
				},
				"up": {
					"uv": [13.14286, 11.71429, 11.57143, 11.71429],
					"rotation": 180,
					"texture": "#3"
				},
				"down": {
					"uv": [13.28572, 11.42857, 11.71429, 11.42857],
					"rotation": 180,
					"texture": "#3"
				}
			}
		},
		{
			"from": [9.84117, 12.3591, -3.73476],
			"to": [6.16655, 7.96397, -3.80681],
			"rotation": {
				"angle": 22.5,
				"axis": "y",
				"origin": [10.52565, 8, 7.0369]
			},
			"faces": {
				"north": {
					"uv": [10.28572, 5.71429, 11.71429, 8.42857],
					"rotation": 180,
					"texture": "#3"
				},
				"east": {
					"uv": [11.57143, 11.85715, 11.57143, 14.57143],
					"rotation": 180,
					"texture": "#3"
				},
				"south": {
					"uv": [9.42857, 8.57143, 10.85715, 11.28572],
					"rotation": 180,
					"texture": "#3"
				},
				"west": {
					"uv": [11.85715, 5.71429, 11.85715, 8.42857],
					"rotation": 180,
					"texture": "#3"
				},
				"up": {
					"uv": [13.14286, 11.85715, 11.71429, 11.85715],
					"rotation": 180,
					"texture": "#3"
				},
				"down": {
					"uv": [13.14286, 11.57143, 11.71429, 11.57143],
					"rotation": 180,
					"texture": "#3"
				}
			}
		},
		{
			"from": [9.24666, 12.3591, -3.73476],
			"to": [5.57204, 7.96397, -3.80681],
			"rotation": {
				"angle": -22.5,
				"axis": "y",
				"origin": [4.88756, 8, 7.0369]
			},
			"faces": {
				"north": {
					"uv": [10.71429, 2.85715, 12.14286, 5.57143],
					"rotation": 180,
					"texture": "#3"
				},
				"east": {
					"uv": [11.71429, 12, 11.71429, 14.71429],
					"rotation": 180,
					"texture": "#3"
				},
				"south": {
					"uv": [10.71429, 0, 12.14286, 2.71429],
					"rotation": 180,
					"texture": "#3"
				},
				"west": {
					"uv": [12, 5.71429, 12, 8.42857],
					"rotation": 180,
					"texture": "#3"
				},
				"up": {
					"uv": [13.57143, 5.71429, 12.14286, 5.71429],
					"rotation": 180,
					"texture": "#3"
				},
				"down": {
					"uv": [13.28572, 12, 11.85715, 12],
					"rotation": 180,
					"texture": "#3"
				}
			}
		},
		{
			"from": [9.61077, 12.3591, -2.38529],
			"to": [4.49513, 7.96397, -2.45734],
			"rotation": {
				"angle": -45,
				"axis": "y",
				"origin": [7.41321, 8, 8.38637]
			},
			"faces": {
				"north": {
					"uv": [2.14286, 5.71429, 4.14286, 8.42857],
					"rotation": 180,
					"texture": "#3"
				},
				"east": {
					"uv": [12, 12.14286, 12, 14.85715],
					"rotation": 180,
					"texture": "#3"
				},
				"south": {
					"uv": [0, 5.71429, 2, 8.42857],
					"rotation": 180,
					"texture": "#3"
				},
				"west": {
					"uv": [11.85715, 12.14286, 11.85715, 14.85715],
					"rotation": 180,
					"texture": "#3"
				},
				"up": {
					"uv": [14.14286, 6, 12.14286, 6],
					"rotation": 180,
					"texture": "#3"
				},
				"down": {
					"uv": [14.14286, 5.85715, 12.14286, 5.85715],
					"rotation": 180,
					"texture": "#3"
				}
			}
		},
		{
			"from": [18.54579, 12.3591, 11.26864],
			"to": [18.47374, 7.96397, 6.153],
			"rotation": {
				"angle": 22.5,
				"axis": "y",
				"origin": [7.70208, 8, 9.07107]
			},
			"faces": {
				"north": {
					"uv": [12.28572, 0, 12.28572, 2.71429],
					"rotation": 180,
					"texture": "#3"
				},
				"east": {
					"uv": [6.42857, 0, 8.42857, 2.71429],
					"rotation": 180,
					"texture": "#3"
				},
				"south": {
					"uv": [12.14286, 12.14286, 12.14286, 14.85715],
					"rotation": 180,
					"texture": "#3"
				},
				"west": {
					"uv": [4.28572, 5.71429, 6.28572, 8.42857],
					"rotation": 180,
					"texture": "#3"
				},
				"up": {
					"uv": [12.28572, 2.85715, 12.28572, 4.85715],
					"rotation": 180,
					"texture": "#3"
				},
				"down": {
					"uv": [12.14286, 8.14286, 12.14286, 6.14286],
					"rotation": 180,